<?xml version="1.0" encoding="UTF-8"?>
<project-private xmlns="http://www.netbeans.org/ns/project-private/1">
    <editor-bookmarks xmlns="http://www.netbeans.org/ns/editor-bookmarks/2" lastBookmarkId="0"/>
    <open-files xmlns="http://www.netbeans.org/ns/projectui-open-files/2">
        <group>
            <file>file:/C:/Users/Estudiantes/Documents/NetBeansProjects/docModelosDucks/src/docmodelosducks/duck/Duck.java</file>
            <file>file:/C:/Users/Estudiantes/Documents/NetBeansProjects/docModelosDucks/src/QuackBehaviors/QuackBehavior.java</file>
            <file>file:/C:/Users/Estudiantes/Documents/NetBeansProjects/docModelosDucks/src/FlyBehaviors/FlyBehavior.java</file>
            <file>file:/C:/Users/Estudiantes/Documents/NetBeansProjects/docModelosDucks/src/docmodelosducks/duck/MallardDuck.java</file>
            <file>file:/C:/Users/Estudiantes/Documents/NetBeansProjects/docModelosDucks/src/docmodelosducks/duck/RubberDuck.java</file>
            <file>file:/C:/Users/Estudiantes/Documents/NetBeansProjects/docModelosDucks/src/docmodelosducks/duck/DecoyDuck.java</file>
            <file>file:/C:/Users/Estudiantes/Documents/NetBeansProjects/docModelosDucks/src/FlyBehaviors/FlyWithWings.java</file>
            <file>file:/C:/Users/Estudiantes/Documents/NetBeansProjects/docModelosDucks/src/FlyBehaviors/FlyRocketPowered.java</file>
            <file>file:/C:/Users/Estudiantes/Documents/NetBeansProjects/docModelosDucks/src/FlyBehaviors/FlyNoWay.java</file>
            <file>file:/C:/Users/Estudiantes/Documents/NetBeansProjects/docModelosDucks/src/QuackBehaviors/Quack.java</file>
            <file>file:/C:/Users/Estudiantes/Documents/NetBeansProjects/docModelosDucks/src/QuackBehaviors/Squeak.java</file>
            <file>file:/C:/Users/Estudiantes/Documents/NetBeansProjects/docModelosDucks/src/QuackBehaviors/MuteQuack.java</file>
            <file>file:/C:/Users/Estudiantes/Documents/NetBeansProjects/docModelosDucks/src/Main.java</file>
        </group>
    </open-files>
</project-private>
